,underlyingClose,calls
0,463,20592432754.24526
1,464,20681481008.252068
2,465,20770721383.626743
